{
    "swagger": "2.0",
    "info": {
        "description": "Documentation MyGram using Gin Framework\ninorder to use this api there bearer token which some of function are needed\nFirst you need regis and login\nThen Click \"Authorize\" at right and there pop-up will be appear and input your token and it will reveal true token e.g \"Bearer e4udqw923.....\"\nFinally you can use some of function that already state before",
        "title": "API Documentation\tMyGram",
        "contact": {
            "name": "API Support",
            "url": "http://www.swagger.io/support",
            "email": "togi.mare@gmail.com"
        },
        "license": {
            "name": "Apache 2.0",
            "url": "http://www.apache.org/licenses/LICENSE-2.0.html"
        },
        "version": "0.1"
    },
    "host": "localhost:8087",
    "basePath": "/",
    "paths": {},
    "securityDefinitions": {
        "Bearer": {
            "description": "Type \"Bearer\" followed by a space and JWT token.",
            "type": "apiKey",
            "name": "Authorization",
            "in": "header"
        }
    }
}